<OverlayData>
    <!--Comments can be made by enclosing them in these symbols, use them to keep your xml organized!-->
    <!--Whitespace doesn't matter in XML, and can also be used to increase readability for your editing purposes-->

    <!--Start of your category hierarchy-->
    <MarkerCategory name="ep" DisplayName="Example Pack">

        <!--This is a marker with no sub-category or special attributes-->
        <MarkerCategory name="exmarker" DisplayName="Example Marker" iconFile="Data/ExamplePack/Markers/ExampleMarker.png"/>
        
        <!--This is the start of a marker sub-category-->
        <MarkerCategory name="ec" DisplayName="Example Marker Category - Markers">
            <!--This is an example of a nested marker-->
            <MarkerCategory name="exm2" DisplayName="Example Marker 2" iconFile="Data/ExamplePack/Markers/ExampleMarker2.png"/>
        </MarkerCategory>

        <!--This is another marker sub-categoy-->
        <MarkerCategory name="ec2" DisplayName="Example Marker Category 2 - Trails">
            <!--This is an example of a trail nested in a category-->
            <MarkerCategory name="extrail" DisplayName="Example Trail" texture="Data/ExamplePack/Markers/Trail.png"/>
        </MarkerCategory>

    </MarkerCategory>

    <!--Start of your POIs-->
    <POIs>
        <!--This is an example of a marker POI in Gendarran Fields-->
        <POI MapID="24" xpos="0" ypos="0" zpos="0" type="ep.exmarker" GUID="sRw/nFd4Uk6iACfoGIPjYg=="/>

        <!--This is an example of a trail (also in Gendarran Fields)-->
        <Trail type="ep.ec2.extrail" trailData="Data/ExamplePack/Trails/ExampleTrail.trl"/>
    </POIs>


</OverlayData>